Name,Seq
pep_0,.
pep_3,EILLLTSLDNITDEELDR
pep_7,R
pep_351,TTR
pep_2493,EELGR
pep_10623,SFVVTSVVAFPTDSK
pep_11256,YFVR
pep_12334,DNQK
pep_13285,SLDSFLLSPEAAVGLLK
pep_13494,LTIAQAR
pep_13525,VEEK
pep_15117,VTVLDANDNAPLFTPSEYSVSVPENIPVGTR
pep_17271,LLEWR
pep_20584,LDEEHR
pep_22579,GPTRPPRPSTPDLSK
pep_28415,AVNGINLAK
pep_34660,VLIASNNK
pep_38807,LCD
pep_56650,YLLAK
pep_72135,TGDVYK
pep_73848,TPEIANLALLGFGDIFALLFDNR
pep_77149,QQLEQQQR
pep_78885,EVLFTEEDVK
pep_81422,AFSYQSDLLVHSR
pep_89462,NPEDLPVSMQQIYSNLK
pep_91773,QSQDVK
pep_93933,ALPCLITGYPILR
pep_101961,HEGNIK
pep_115023,EETENTVGSLLHFLTK
pep_121170,LLQNITSHQHLLTVYDFEQEGSEELDTVILK
pep_129770,GLPHCSCAEFQDSLNFSYHPSGLSLHLRPPSR
pep_132178,VVGMTLFLLYFPQIFNK
pep_138044,EELAANNLNGENAQQENEGGEQAPTQNEEESR
pep_140516,QAAER
pep_141923,IIAVMAK
pep_146432,GFIMAEVMK
pep_150266,AQLLQIQTELNNSK
pep_156130,TASVK
pep_156482,RPQIPTSPAPVMR
pep_169425,EANSGPNSIMIVLVMLLNIGLAILFVHFLT
pep_182567,GIFCHYLEEGAQCPAPLSYVPR
pep_183368,LLQFVTGSSR
pep_184573,FPPQTWLSALRPSGPALSGLLSLEAEENALPGFAEALR
pep_185269,TYGDVVVPVANCGVQEYNSNPK
pep_188279,VLIGEGVLTK
pep_190701,DILRPLR
pep_191636,GGAEEEEEEEEEEEEEEEEEEQQPATTTATSTAAAAPSTAPSAGSTAGDSGAEDGPASR
pep_222355,SGSNWGR
pep_226901,FPTSAPGSLSPDAHLPPSQLLGSSSDSLPTSPPPDDSLSLK
pep_230411,LPGGK
pep_231885,MDVANGVINFQR
pep_239804,ITWEEK
pep_250683,GDKDEQAVLCSK
pep_260140,IVPPWAPPK
pep_276835,GFVLHGLEPASLYHIHLMAASQAGATNSTVLTLMTLTPEGSELHIILGLFGLLLLLTCLCGTAWLCCSPNR
pep_280747,RPFEDGLGDDKDPNK
pep_282104,IQADPDYLPR
pep_282442,CTEGLFR
pep_282563,YGQTPGR
pep_289061,TVTVLAQVHPIPPK
pep_296424,HNIVHVHFDATR
pep_305191,VGVQSCPSPFSGQACPQPSSVFWSLLK
pep_321785,MFLSPGEGPATEGGGLGPGEEAPK
pep_324246,TWIQNSFGMNIASATIALVGTAFLSLNIAVNIQSLR
pep_329005,TFAWLLDR
pep_335380,FMFLLFLLTCELAAEVAAEVEK
pep_335711,METPGASASSLLLPAASRPPR
pep_343642,EGFDPQGASQLNNR
pep_349916,CAAIPSLLNAACSEQDSEPGAR
pep_354649,APGAAAAR
pep_355146,EAATVASATGDSASER
pep_359616,SLLSVR
pep_366754,PAMEISCR
pep_376993,NPPPTLLHPEK
pep_386044,MEGQDEVSAR
pep_393052,EIISECK
pep_394784,NAALSR
pep_417947,QPLTSNPLK
pep_418120,VITSILCNPALLGEWK
pep_422775,MQFFFRPFSPDPEVQMLIFVVFLMMYLTSLGGNATIAVIVQINHSLHTPMYFFLANLAVLEIFYTSSITPLALANLLSMGK
pep_424734,SLEIK
pep_434385,DAVLDCLLDFLPK
pep_437218,ILKPGK
pep_440720,APLVSDVELER
pep_454729,HSLSSGGFSPVAGVGAQDGDYQRPHSAQPADR
pep_459405,ECGKPFSNFSFFQIHER
pep_470440,QYMK
pep_473521,HMPMGNNAGNLEPEK
pep_477910,DDFSFPFSFGQGQNSIPSSSLK
pep_485545,IPMTNSPLLDPLPSLK
pep_487907,EDLGATPH
pep_488210,VFSQSTHLIQHQR
pep_490250,AAGGLHLLPWSR
pep_490602,SYEWNEWELR
pep_492905,ICVIVEK
pep_495721,WCEYFILR
pep_503207,TLSLAWEVASLLTLSSSEVGLEGVGTIWPSSYSSEESSR
pep_510332,GPQIDIK
pep_516277,ADSSNFNPQEFWNIGCQMVALNFQTPGLPMDLQNGK
pep_520732,GAPLTFR
pep_534386,NWLCR
pep_545227,MLTCPWSHR
pep_565044,LGIPQK
pep_578993,EACANKPGHPT
pep_587130,VTSEDK
pep_590016,LSPAQR
pep_593726,EGPGHMGR
pep_595451,IFLGGLSVVLADR
pep_602142,HAKPVACSGDWLGVR
pep_602145,NWTASK
pep_611384,ALQTSPQPPEGPGLPR
pep_630213,LNWWVSVDPTSQR
pep_630546,AVPETEDVQASVSDTAQQPSEEQSK
pep_631179,QIFPMEER
pep_631221,QSTHLAHHQR
pep_644081,MWSLPPSR
pep_647214,LQSPTFSQTGPGCILSFWFYNYGLSVGAAELQLHMENSHDSTVIWR
pep_649802,DFCDLK
pep_658672,YLPTVVEYPNSAALR
pep_666062,YSFAK
pep_667328,MMPR
pep_680352,LLVCLEESIYIHNIK
pep_680526,RPHHGGVQR
pep_683595,AFSGQGLHEGPAR
pep_692775,SLAPSGGSGSSFGPTDWLPQTLDSLPYVSQDCLDSGIGSLESQMSELWGVR
pep_701054,VGSLQQDQALLLPSDTDDGSSLWEVTFIDFQIQGFAIK
pep_710541,IHTGEKPYACTVCGK
pep_715024,SNLIHHK
pep_730191,IQRPPEDSIQPYEK
pep_740991,AEEFSEAQDMYYLETSAK
pep_741799,VPPPKPATPDFR
pep_746440,QHHLTK
pep_749524,GELDEEGYMTPMR
pep_760977,SDDSR
pep_767274,GFSQSSNLQTHQR
pep_768400,HADIFLEK
pep_768587,THPVHPELVSGTFLCLDCQTVIR
pep_788374,CEYLIR
pep_792947,GSESEQSEEDGK
pep_805469,QENEAR
pep_816125,CYLLVHQAK
pep_818527,AHLYSLR
pep_819127,LAQCPPELFDVILDENQLEDACEHLADYLEAYWK
pep_822656,AQGQDGDFVSCIFPVPQLFDLR
pep_831300,SMTMTK
pep_836880,NTGSGLLGMANIDLEK
pep_840904,NATYLVR
pep_850629,GLDSGAETEEEK
pep_852642,TVLGLLTANGQYR
pep_861512,SFNVGR
pep_866528,YDDYDYGEVNQLLER
pep_871392,GMNMYLTK
pep_871648,HSLSFNDCFVK
pep_883899,GAYGVVEK
pep_894153,APGIPSGMETLK
pep_896806,RPQMS
pep_899632,AQNQELR
pep_902384,DAGAIAGLK
pep_908217,ESFLTWL
pep_911936,FEFGEK
pep_921127,VVLLTEVDK
pep_937508,DIAFEVEDCDYIVQK
pep_939792,LADMEHSSGESSFESTGTGLSR
pep_957898,NGIEYHYVTITLDLQQVFQIAYVIVK
pep_960362,NTSEPATTK
pep_981129,LAATK
pep_990382,QEWICLETLTPDTQYEFQVR
pep_995643,MHDEE
pep_1003446,TLSAILLAFILTWTPYNIMVLVSTFCKDCVPETLWELGYWLCYVNSTINPMCYALCNK
pep_1022689,SNVLSVACMVIAGGELK
pep_1024814,STPLLIHCR
pep_1027172,LSHPEWSSGYYWIDPNQGCTMDAIK
pep_1033654,SWGIGAPSSVNPGYCVSLTSSTGFQK
pep_1035370,MVMLLLLLSALAGLFGAAEGQAFHLGK
pep_1050937,GMETLMR
pep_1056278,VGLCLDDAGAGLALSTAPALEETWSDVALPELDR
pep_1060817,YLEMIYSMCK
pep_1061910,YHYNASLLDGTLLDSTWNLGK
pep_1070073,ELIEELHPIIK
pep_1073469,LLSLSQSFSSTAPSDTDLGESLGANVATTDSDER
pep_1075167,APDVAR
pep_1083186,AVDRPMLPQEYAVEAHFK
pep_1086812,IPATQK
pep_1087383,LLIGVIAAVNMLTGVSSAVLAGVDAFTFGSFAR
pep_1087880,ALLFDISFLMLCHVAQTYGSEVILSESR
pep_1094832,TSSGSQALVLR
pep_1103508,SISNTSSGSMSPLWEGNLSSMFGTLPR
pep_1135627,SALLPGPLELQPPR
pep_1137482,MPRPAPAR
pep_1140582,SLQTDSSNTDTALATLEEALSEK
pep_1143282,TPGGSQK
pep_1146112,DFVVMR
pep_1152362,TGATSSCNR
pep_1187523,NSSYFADWFPDNVK
pep_1191834,GELDLSMTNLR
pep_1192076,AQTGSAPPRPAAPHPRPASR
pep_1208690,DLESEISR
pep_1214368,EEIEDLSDEVFSLR
pep_1218096,SGMWSK
