Name, Seq
C9J6A1, MNLVDLWLTRSLSMCLLLQSFVLMILCFHSASMCPKGCLCSSSGGLNVTCSNANLKEIPRDLPPETVLLYLDSNQITSIPNEIFKDLHQLRVLNLSKNGIEFIDEHAFKGVAETLQTLDLSDNRIQSVHKNAFNNLKARARIANNPWHCDCTLQQVLRSMASN
A0A2R8Y7M8, MIDSVKLRRDSAADFFSHYEYLCALQNSVPLPAVRACLREGVLDFNADRLRGVDWAPLLSTLKINKDLPLVSIKSFFQPWLGDTGL
A0A5F9ZGW7, GDHRVELYKVLSSLGYHVVTFDYRGWGDSVGTPSERGMTYDALHVFDWIKARSGDNPVYIWGHSLGTGVATNLVRRLCERETPPDALILESPFTNIREEAKSHPFSVIYRYFPGFDWFFLDPITSSGIKFANDENVKHISCPLLILHAEDDPVVPFQLGRKTLATGTNTFTRALSCHGY
A2RU67, MATVLSRALKLPGKKSPDLGEYDPLTQADSDESEDDLVLNLQKNGGVKNGKSPLGEAPEPDSDAEVAEAAKPHLSEVTTEGYPSEPLGGLEQKAASSLVSYVRTSVFLLTLGISMILVLLCAFLIPCPPRDLHSTWSRHLGSQGGGDLSPLELADVNGDGLRDVLLSFVMSRNGSAVGVSRPAANLVCLSGMNGSTLWSSLLPEEARDITCLELMPGSLAETICLVTGTHKMLSAFNATSGKAIWTLNPNYLSNGTLAAPVVVLPDLDEDGVRDLVVLAIGELQPDLCFLLVSGRTGNPVGRPVKYNIVGVGNLIGPQVYITTNGAVYILFGFGNIQAVALRDIFVQAQNRDSSPPSLQIEEPEWEKRRSINLSELIDVYSDGVELLQMVKAPDSNCSNLLITTRQSLVLLRGQNLTPYWALRLQGLRSQPTPGYFTDDQTLDFLLQIQDGVGMKKMMVVDGDSGSIVWSYRAPCHMKETPATSAVTSDQKSVFLFWAEGLSAASPNSDIILGTEPPSLHHLYLLHPAFPSILLDLANTTGTVTASEVGINDLWKDAFYVTRTTGPSSEGHPAALVVSKLSLRWALMEGQMAQLQESTPKIGRGELRRFLSRIKFVEAPYEI
H7C5M6, XGAPSAAALATPDTLQGQCSAFVQLWAGLQPILCGNNRRCGGAT
B7Z7V6, MSVDCLGQHAVLSGRRFLYIVNLDAPFEGHRKISRQSKWDIGAVQWNPHDSFAHYFAASSNQRVDLYKWKDGSGEVGTTLQGHTRVISDLDWAVFEPDLLVTSSVDTYIYIWDIKDTRKPTVALSAVAGASQVKWNKKNANCLATSHDGDVRIWDKRKPSTAVEYLAAHLSKIHGLDWHPDSEHILATSSQDNSVKFWDYRQPRKYLNILPCQVPVWKARYTPFSNGLVTVMVPQLRRENSLLLWNVFDLNTPVHTFVGHDDVVLEFQWRKQKEGSKDYQLVTWSRDQTLRMWRVDSQMQRLCANDILDGVDEFIESISLLPEPEKTLHTEDTDHQHTASHGEEEALKEDPPRNLLEERKSDQLGLPQTLQQEFSLINVQIRNVNVEMDAADRSCTVSVHCSNHRVKMLVKFPAQYPNNAAPSFQFINPTTITSTMKAKLLKVGVWVPKFSLLFCIIV
A0A0A0MRM7, XTSKPSSDLLDLQPDFSSGGAAAAAAPAPPPPAGGATAWGDLLGEDSLAALSSVPSEAQISDPFAPEPTPPTTTAEIATASASASTTTTVTAVTAEVDLFGGSAEAAPELDLFAMKPPETSVPVVTPTASTAPPVPATAPSPA
F5H7W1, MGPTRKPNVCSRLSRRALGCFSRDAGVVQRTNLGILRALVCQESTKFKNVWTTHSRSPIAYERGRIYFDNYRRCVSSVASEPRKLYEMPKCSKSEKIEDALLWECPVGDILPNSSDYKSSLIALTAHNWLLRISATTGKILEKIYLAPYCKFRYLSWDTPQEVIAVKSAQNRGSAVARQAGIQQHVLLYLAVFRVLPFSLVGILEINKKIFGNVTDATLSHGILIVMYSSGLVRLYSFQTIAEQFMQQKLDLGCACRWGGTTGTVGEAPFGIPCNIKITDMPPLLFEVSSLENAFQIGGHPWHYIVTPNKKKQKGVFHICALKDNSLNENVLTVTASGRVVKKSFNLLDDDPEQETFKIVDYEDELDLLSVVAVTQIDAEGKAHLDFHCNEYGTLLKSIPLVESWDVTYSHEVYFDRDLVLHIEQKPNRVFSCYVYQMICDTGEEEETINRSC
C9J654, METSSRELQAAEYLEKHQIKEVVSYLTSALLFFRPALKTLGLCTEDEDLQDDGHKITLDKFKEEVNKRMKEIWSAF
H0YJ97, XELSDYEERIEELENLLQQGGSGVIETDLSKIYEMQKTIQVLQIEKVESTKKMEQLEDKIKDINKKLSSAENDRDILRREQEQLNVEKRQIMEECENLKLECSKLQPSAVKQSDTMTEKERILAQSASVEEVFRLQQALSDAENEIMRLSSLNQEELQMSLLKLNNEYEVIKSTATRDISLDSELHDLRLNLEAKEQELNQSISEKETLIAEIEELDRQNQEATKHMILIKDQLSKQQNEGDSIISKLKQDLNDEKKRVHQLEDDKMDITKELDVQKEKLIQSEVALNDLHLTKQKLEDKVENLVDQLNKSQESNVSIQKENLELKEHIRQNEEELSRIRNELMQSLNQDSNSNFKDTLLKEREAEVRNLKQNLSELEQLNENLKKVAFDVKMENEKLVLACEDVRHQLEECLAGNNQLSLEKNTIVETLKMEKGEIEAELCWAKKRLLEEANKYEKTIEELSNARNLNTSALQLEHEHLIKLNQKKDMEIAELKKNIEQMDTDHKETKDVLSSSLEEQKQLTQLINKKEIFIEKLKERSSKLQEELDKYSQALRKNEILRQTIEEKDRSLGSMKEENNHLQEELERLREEQSRTAPVADPKTLDSVTELASEVSQLNTIKEHLEEEIKHHQKIIEDQNQSKMQLLQSLQEQKKEMDEFRYQHEQMNATHTQLFLEKDEEIKSLQKTIEQIKTQLHEERQDIQTDNSDIFQETKVQSLNIENGSEKHDLSKAETERLVKGIKERELEIKLLNEKNISLTKQIDQLSKDEVGKLTQIIQQKDLEIQALHARISSTSHTQDVVYLQQQLQAYAMEREKVFAVLNEKTRENSHLKTEYHKMMDIVAAKEAALIKLQDENKKLSTRFESSGQDMFRETIQNLSRIIREKDIEIDALSQKCQTLLAVLQTSSTGNEAGGVNSNQFEELLQERDKLKQQVKKMEEWKQQVMTTVQNMQHESAQLQEELHQLQAQVLVDSDNNSKLQVDYTGLIQSYEQNETKLKNFGQELAQVQHSIGQLCNTKDLLLGKLDIISPQLSSASLLTPQSAECLRASKSEVLSESSELLQQELEELRKSLQEKDATIRTLQENNHRLSDSIAATSELERKEHEQTDSEIKQLKEKQDVLQKLLKEKDLLIKAKSDQLLSSNENFTNKVNENELLRQAVTNLKERILILEMDIGKLKGENEKIVETYRGKETEYQALQETNMKFSMMLREKEFECHSMKEKALAFEQLLKEKEQGKTGELNQLLNAVKSMQEKTVVFQQERDQVMLALKQKQMENTALQNEVQRLRDKEFRSNQELERLRNHLLESEDSYTREALAAEDREAKLRKKVTVLEEKLVSSSNAMENASHQASVQVESLQEQLNVVSKQRDETALQLSVSQEQVKQYALSLANLQMVLEHFQQEEKAMYSAELEKQKQLIAEWKKNAENLEGKVISLQECLDEANAALDSASRLTEQLDVKEEQIEELKRQNELRQEMLDDVQKKLMSLANSSEGKVDKVLMRNLFIGHFHTPKNQRHEVLRLMGSILGVRREEMEQLFHDDQGGVTRWMTGWLGGGSKSVPNTPLRPNQQSVVNSSFSELFVKFLETESHPSIPPPKLSVHDMKPLDSPGRRKRDTNAPESFKDTAESRSGRRTDVNPFLAPRSAAVPLINPAGLGPGGPGHLLLKPISDVLPTFTPLPALPDNSAGVVLKDLLKQ
L7N2F9, MSATAATAPPAAPAGEGGPPAPPPNLTSNRRLQQTQAQVDEVVDIMRVNVDKVLERDQKLSELDDRADALQAGASQFETSAAKLKRKYWWKNLKMMIILGVICAIILIIIIGTGCDRTSQP
P12270, MAAVLQQVLERTELNKLPKSVQNKLEKFLADQQSEIDGLKGRHEKFKVESEQQYFEIEKRLSHSQERLVNETRECQSLRLELEKLNNQLKALTEKNKELEIAQDRNIAIQSQFTRTKEELEAEKRDLIRTNERLSQELEYLTEDVKRLNEKLKESNTTKGELQLKLDELQASDVSVKYREKRLEQEKELLHSQNTWLNTELKTKTDELLALGREKGNEILELKCNLENKKEEVSRLEEQMNGLKTSNEHLQKHVEDLLTKLKEAKEQQASMEEKFHNELNAHIKLSNLYKSAADDSEAKSNELTRAVEELHKLLKEAGEANKAIQDHLLEVEQSKDQMEKEMLEKIGRLEKELENANDLLSATKRKGAILSEEELAAMSPTAAAVAKIVKPGMKLTELYNAYVETQDQLLLEKLENKRINKYLDEIVKEVEAKAPILKRQREEYERAQKAVASLSVKLEQAMKEIQRLQEDTDKANKQSSVLERDNRRMEIQVKDLSQQIRVLLMELEEARGNHVIRDEEVSSADISSSSEVISQHLVSYRNIEELQQQNQRLLVALRELGETREREEQETTSSKITELQLKLESALTELEQLRKSRQHQMQLVDSIVRQRDMYRILLSQTTGVAIPLHASSLDDVSLASTPKRPSTSQTVSTPAPVPVIESTEAIEAKAALKQLQEIFENYKKEKAENEKIQNEQLEKLQEQVTDLRSQNTKISTQLDFASKRYEMLQDNVEGYRREITSLHERNQKLTATTQKQEQIINTMTQDLRGANEKLAVAEVRAENLKKEKEMLKLSEVRLSQQRESLLAEQRGQNLLLTNLQTIQGILERSETETKQRLSSQIEKLEHEISHLKKKLENEVEQRHTLTRNLDVQLLDTKRQLDTETNLHLNTKELLKNAQKEIATLKQHLSNMEVQVASQSSQRTGKGQPSNKEDVDDLVSQLRQTEEQVNDLKERLKTSTSNVEQYQAMVTSLEESLNKEKQVTEEVRKNIEVRLKESAEFQTQLEKKLMEVEKEKQELQDDKRRAIESMEQQLSELKKTLSSVQNEVQEALQRASTALSNEQQARRDCQEQAKIAVEAQNKYERELMLHAADVEALQAAKEQVSKMASVRQHLEETTQKAESQLLECKASWEERERMLKDEVSKCVCRCEDLEKQNRLLHDQIEKLSDKVVASVKEGVQGPLNVSLSEEGKSQEQILEILRFIRREKEIAETRFEVAQVESLRYRQRVELLERELQELQDSLNAEREKVQVTAKTMAQHEELMKKTETMNVVMETNKMLREEKERLEQDLQQMQAKVRKLELDILPLQEANAELSEKSGMLQAEKKLLEEDVKRWKARNQHLVSQQKDPDTEEYRKLLSEKEVHTKRIQQLTEEIGRLKAEIARSNASLTNNQNLIQSLKEDLNKVRTEKETIQKDLDAKIIDIQEKVKTITQVKKIGRRYKTQYEELKAQQDKVMETSAQSSGDHQEQHVSVQEMQELKETLNQAETKSKSLESQVENLQKTLSEKETEARNLQEQTVQLQSELSRLRQDLQDRTTQEEQLRQQITEKEEKTRKAIVAAKSKIAHLAGVKDQLTKENEELKQRNGALDQQKDELDVRITALKSQYEGRISRLERELREHQERHLEQRDEPQEPSNKVPEQQRQITLKTTPASGERGIASTSDPPTANIKPTPVVSTPSKVTAAAMAGNKSTPRASIRPMVTPATVTNPTTTPTATVMPTTQVESQEAMQSEGPVEHVPVFGSTSGSVRSTSPNVQPSISQPILTVQQQTQATAFVQPTQQSHPQIEPANQELSSNIVEVVQSSPVERPSTSTAVFGTVSATPSSSLPKRTREEEEDSTIEASDQVSDDTVEMPLPKKLKSVTPVGTEEEVMAEESTDGEVETQVYNQDSQDSIGEGVTQGDYTPMEDSEETSQSLQIDLGPLQSDQQTTTSSQDGQGKGDDVIVIDSDDEEEDDDENDGEHEDYEEDEEDDDDDEDDTGMGDEGEDSNEGTGSADGNDGYEADDAEGGDGTDPGTETEESMGGGEGNHRAADSQNSGEGNTGAAESSFSQEVSREQQPSSASERQAPRAPQSPRRPPHPLPPRLTIHAPPQELGPPVQRIQMTRRQSVGRGLQLTPGIGGMQQHFFDDEDRTVPSTPTLVVPHRTDGFAEAIHSPQVAGVPRFRFGPPEDMPQTSSSHSDLGQLASQGGLGMYETPLFLAHEEESGGRSVPTTPLQVAAPVTVFTESTTSDASEHASQSVPMVTTSTGTLSTTNETATGDDGDEVFVEAESEGISSEAGLEIDSQQEEEPVQASDESDLPSTSQDPPSSSSVDTSSSQPKPFRRVRLQTTLRQGVRGRQFNRQRGVSHAMGGRGGINRGNIN
Q2V6Q1, MGDRERNKKRLLELLRAPDTGNAHCADCGAADPDWASYKLGIFICLNCCGVHRNFPDISRVKSVRLDFWDDSIVEVAVVLQFMIHNGNLRVKAKFEARVPAFYYIPQANDCLVLKEQWIRAKYERREFMADGETISLPGNREGFLWKRGRDNSQFLRRKFVLLAREGLLKYFTKEQGKSPKAVISIKDLNATFQTEKIGHPHGLQITYRRDGHTRNLFVYHESGKEIVDWFNALRAARLQYLKMAFPELPESELVPFLTRNYLKQGFMEKTGPKQKEPFKKRWFALDCHERRLLYYKNPLDAFEQGQVFLGNKEQGYEAYEDLPKGIRGNRWKAGLTIVTPERRFVLTCPSEKEQQEWLESLRGVLSSPLTPLNRLTASTESGRSSR
A0A1W2PRM4, XQRQHRASRENVGHWAISREGQNVRPSLAPPMVQVRNPLRAGSQGHRLGQL
A0A1W2PQT9, XPYPGIPVEELFKLLKEGHRMDKPANCTNELYMMMRDCWHAVPSQRPTFKQLVEDLDRILTLTTNEEYLDLSQPLEPYSPCYPDPR
K7ESL7, MEVDDRVSALEQRLQLQEDELAVLKAALADALRRLRACEEQGAALRARGTPKGRAPPRLGTTASVCQLLKGLPTRTPLNGSGPPRRVGGYATSPSSPKKEATSGRSSVRRYLSPERLASVRREDPRSRTTSSSSNCSAKKE
Q5SZL5, MTEDSQRNFRSVYYEKVGFRGVEEKKSLEILLKDDRLGILPPHHESHAKVMMYRKEQYLDVLHALKVVRFVSDATPQAEVYLRMYQLESGKLPRSPSFPLEPDDEVFLAIAKAMEEMVEDSVDCYWITRRFVNQLNTKYRDSLPQLPKAFEQYLNLEDGRLLTHLRMCSAAPKLPYDLWFKRCFAGCLPESSLQRVWDKVVSGSCKI
A0A1W2PQ64, MLSSTLRVAVVCVSNVNRSMEAHSILRRKGLSVRSFGTESHVRLPGPRPNRPVVYDFATTYKEMYNDLLRKDRERYTRNGILHILGRNERIKPGPERFQECTDSFDVIFTCEESVYDTVVEDLCSREQQTFQPVHVINMEIQDTLEDATLGAFLICEICQCLQQSDDMEDNLEELLLQMEEKAGKSFLHTVCFY
A0A2Y9D085, MALDSDLWSRLEEKARAKCERDEAGNPAKESSDADGEAEEEGESEKGAGPRSAGWRALRRLWDRVLGPARRWRRPLPSNVLYCAEIKDIGHLTRCTL
A0A087X0K8, MGTRGAVMPPPMWGLLGCCFVCAWALGGPRPIRSLPPLSSQVKPGSVPMQVPLEGAEAALAYLYSGDAQQLSQVNCSERYEARGAGAMPGLPPSLQGAAGTLAQAANFLNMLLQANDIRESSVEEDVEWYQALVRSVAEGDPRVYRALLTFNPPPGASHLQLALQATRTGEETILQDLSGNWVQEENPPGDLDTPALKKRVLTNDLGSLGSPKWPQADGYVGDTQQVRLSPPFLECQEGRLRPGWLITLSATFYGLKPDLSPEVRGQVQMDVDLQSVDINQCASGPGWYSNTHLCDLNSTQCVPLESQGFVLGRYLCRCRPGFYGASPSGGLEESDFQTTGQFGFPEGRSGRLLQCLPCPEGCTSCMDATPCLVEEAAVLRAAVLACQACCMLAIFLSMLVSYRCRRNKRIWASGVVLLETVLFGFLLLYFPVFILYFKPSVFRCIALRWVRLLGFAIVYGTIILKLYRVLQLFLSRTAQRSALLSSGRLLRHLGLLLLPVLGFLAVWTVGALERGIQHAPLVIRGHTPSGRHFYLCHHDRWDYIMVVAELLLLCWGSFLCYATRAVLSAFHEPRYMGIALHNELLLSAAFHTARFVLVPSLHPDWTLLLFFFHTHSTVTTTLALIFIPKFWKLGAPPREEMVDEVCEDELDLQHSGSYLGSSIASAWSEHSLDPGDIRDELKKLYAQLEVHKTKEMAANNPHLPKKRGSSCQGLGRSFMRYLAEFPEALARQHSRDSGSPGHGSLPGSSRRRLLSSSLQEPEGTPALHKSRSTYDQRREQDPPLLDSLLRRKLAKKASRTESRESVEGPPALGFRSASAHNLTVGERLPRARPASLQKSLSVASSREKALLMASQAYLEETYRQAKEREERKKAKAAMASLVRRPSARRLERPRGAPLSAPPSPAKSSSVDSSHTSGRLHEEARRRLPHPPIRHQVSTPILALSGGLGEPRMLSPTSTLAPALLPALAPTPAPALAPVPVSPQSPNLLTYICPWENAELPAKQENVPQEGPSGPERGHHSPAPARARLWRALSVAVEKSRAGENEMDAEDAHHQREANDVDEDRPKIFPKSHSLKAPVQQGSMRSLGLAIKALTRSRSTYREKESVEESPEGQNSGTAGESMGAPSRSPRLGRPKAVSKQAALIPSDDKESLQNQQNAHTSRMLQVCQREGSREQEDRGRRMTQGLGERKAERAGKTGLAMLRQVSRDKNIKQSKETPVGWQELPKAGLQSLGSADHRVAEVCPWEVTESETRQPDSGNKAEICPWETSEGAPESRALRQDPGDSQKKRGEARGKSEPIDVVPMMRKKPERLVREQEAVCPWESADRGGLSPGSAPQDPGRIRDKSEAGDSVEARKVEKPGWEAAGPEAHTPDITKAEPCPWEASEGGEDGKPAQEAVKDLPQEKQKTRKATFWKEQKPGGDLESLCPWESTDFRGPSAVSIQAPGSSECSGSLGSGIAEVCLWEAGDAPAIQKAEICPWELDDNVMGQEMLSLGTGRESLQEKEKASRKGSFGEMGEQTVKAVQKLSQQQESVCPRESTVPGHSSPCLDNSSSKAGSQFLCNGGSRATQVCPQEDLRPEAQEATPAKTEICPWEVNERTREEWTSAQVPRGGESQKDKEKMPGKSEIEDVTAWEKPEGQIQKQEAVGPWESVDPGSFSPQPRPQDTERPQTLLQMSGSVGSKAADICPLDVEENLTAGKAEICPWEVGAGAGEERALGAEAIRKSPNDTGKVSADLGPRERAVTAPEKPQKPTPEWEVACPWGSVGPGACSQHPGTLDADGPKAGFQELDHMGCRPGEVCPWEAQEAATSEKAKICPWEVSEGTTGKGLDQKAGSESAEQREKALEKGRLTSLGEDVSKGMAKLCQQQETICIWENKDLRESPAQAPKISDLPSSMSSEVAEGHSLEATEKGDLRQDPKTGSFPEHITQEKAPAADTEEFTTEDGEKTSHELQSVCPWETTAPADSVSHLDRQRPDQPKASSQRLVSTGGRAADVCPWDVPDAGVYKSDSSAKAETCPWEVTERIPVKGVSRQDGKGDSQEEKGRAPEKSEPKGVPVQKKPEMADFRQQEAVCPWESQDGKGLSPQPAPDASDRSRGSSEAAGSVETRVAEVCLWEVVEAPSAKKAEICPWEAGGGAAEEGEQERESQGQGEMFLQKAGPGGTEEHFSKAAAKPREQEAVCPGEGTGSGGLLPQSGALDPELKVSPKEAGSMGSRMAELCQWEITDPEGNKIKGTMADICPGEETGVPSEESGLLALTATRREFFPTAPEKPLCLLVHGPLDHFFPESKIPCPKVSRPASTFTLEGVRELQGPSGLEPRTSLAPEPSLQEAESQSSSLTEDSGQVAFEAQYEEFTPPTVYPWDWE
A0A0G2JMG8, MVSSAQMGFNLQALLEQLSQDELSKFKYLITTFSLAHELQKIPHKEMASLQVFEKMHRMDLSERAKDEVREAALKSFNKRKPLSLGITRKERPPLDVDEMLERFKTEAQAFTETKGNVICLGKEVFKGKKPDKDNRCRYILKTKFREMWKSWPGDSKEVQVMAERYKMLIPFSNPRVLPGPFSYTVVLYGPAGLGKTTLAQKLMLDWAEDNLIHKFKYAFYLSCRELSRLGPCSFAELVFRDWPELQDDIPHILAQARKILFVIDGFDELGAAPGALIEDICGDWEKKKPVPVLLGSLLNRVMLPKAALLVTTRPRALRDLRILAEEPIYIRVEGFLEEDRRAYFLRHFGDEDQAMRAFELMRSNAALFQLGSAPAVCWIVCTTLKLQMEKGEDPVPTCLTRTGLFLRFLCSRFPQGAQLRGALRTLSLLAAQGLWAQTSVLHREDLERLGVQESDLRLFLDGDILRQDRVSKGCYSFIHLSFQQFLTALFYTLEKEEEEDRDGHAWDIGDVQKLLSGVERLRNPDLIQAGYYSFGLANEKRAKELEATFGCRMSPDIKQELLRCDISCKGGHSTVTDLQELLGCLYESQEEELVKEVMAQFKEISLHLNAVDVVPSSFCVKHCRNLQKMSLQVIKENLPENVTASESDAEVERSQDDQHMLPFWTDLCSIFGSNKDLMGLAINDSFLSASLVRILCEQIASDTCHLQRVVFKNISPADAHRNLCLALRGHKTVTYLTLQGNDQDDMFPALCEVLRHPECNLRYLGLVSCSATTQQWADLSLALEVNQSLTCVNLSDNELLDEGAKLLYTTLRHPKCFLQRLSLENCHLTEANCKDLAAVLVVSRELTHLCLAKNPIGNTGVKFLCEGLRYPECKLQTLVLWNCDITSDGCCDLTKLLQEKSSLLCLDLGLNHIGVKGMKFLCEALRKPLCNLRCLWLWGCSIPPFSCEDLCSALSCNQSLVTLDLGQNPLGSSGVKMLFETLTCSSGTLRTLRLKIDDFNDELNKLLEEIEEKNPQLIIDTEKHHPWAERPSSHDFMI
D6RBD1, MEEDEFIGEKTFQRYCAEFIKHSQQIGDSWEWRPSKDCSDGYMCKIHFQIKNGSVMSHLGASTHGQTCLPMEEAFELPLDDCEVIETAAASEVIKYEYHVLYSCSYQVPVLYFRASFLDGRPLTLKDIWEGVHECYKMRLLQGPWDTITQQIFTKRCSEGHISVTKNIIPE
G3V4T0, MAIRAQHSNAAQTQTGEANRGWTGQESLSDSDPEMWELLQREKDRQCRGLELIASENFCSRAALEALGSCLNNKYSEGYPGKRYYGGAEVVDEIELLCQRRALEAFDLDPAQWGVNVQPYSGSPANLAVYTALLQPHDRIMGLDLPDGG
H0YJA5, NEPNSQSKFPIFRFPSSFSSPVGMVFHPRSHFLYAYGNQEWEDTVQSEVLLREFSHYTMITWDSYIS
A0A494C184, MYYDDDEPSEVGSADSYTSRPSDSDVSLEEDREAVRREAERQAQAQLEKAKTKPVAFAVRTNVSYSAAHEDDVPVPGMAISFEAKDFLHVKEKFNNDWWIGRLVKEGCEIGFIPSPVKLENMRLQHEQRAKQGKFYSSKSGGNSSSSLGDIVPSSRKSTPPSSAIDIDATGLDAEENDIPANHRSPKPSANSVTSPHSKEKRMPFFKKTEHTPPYDVVPSMRPVVLVGPSLKGYEVTDMMQKALFDFLKHRFEGRISITRVTADISLAKRSVLNNPSKHAIIERSNTRSSLAEVQSEIERIFELARTLQLVVLDADTINHPAQLSKTSLAPIIVYVKISSPKVLQRLIKSRGKSQAKHLNVQMVAADKLAQCPPELFDVILDENQLEDACEHLADYLEAYWKATHPPSSSLPNPLLSRTLATSSLPLSPTLASNSQGSQGDQRTDRSAPIRSASQAEEEPSVEPVKKSQHRSSSSAPHHNHRSGTSRGLSRQETFDSETQESRDSAYVEPKEDYSHDHVDHYASHRDHNHRDETHGSSDHRHRESRHRSRDVDREQDHNECNKQRSRHKSKDRYCEKDGEVISKKRNEAGEWNRDVYIRQ
